{
  "misc": {
    "chti": "chti.png",
    "bench": "bench.png",
    "frog": "frog.jpg",
    "space": "space.png",
	"smirk": "smirk_snake.png"
  },
  "cursors": {
    "cursor_1": "cursor_1.png",
    "cursor_1_outline": "cursor_1_outline.png",
    "cursor_2": "cursor_2.png",
    "cursor_2_outline": "cursor_2_outline.png",
    "cursor_3": "cursor_3.png",
    "cursor_3_outline": "cursor_3_outline.png",
    "cursor_4": "cursor_4.png",
    "cursor_4_outline": "cursor_4_outline.png",
    "cursor_5": "cursor_5.png",
    "cursor_5_outline": "cursor_5_outline.png",
    "cursor_6": "cursor_6.png",
    "cursor_6_outline": "cursor_6_outline.png"
  },
  "menu": {
	"button": "button.png",
	"hl_1": "hl_1.png",
	"hl_2": "hl_2.png",
	"hl_3": "hl_3.png",
	"hl_4": "hl_4.png",
	"hl_5": "hl_5.png",
	"play": "play.png",
	"quit": "quit.png",
	"about": "about.png",
	"options": "options.png",
    "return": "return.png",
    "planet": "planet.png",
    "clouds": "clouds.png",
    "warship": "warship.png",
	"title": "title.png",
    "about_page": "about_page.png",
    "reac_1": "reac_1.png",
    "reac_2": "reac_2.png",
    "reac_3": "reac_3.png",
    "reac_4": "reac_4.png",
    "reac_5": "reac_5.png",
	"frame": "frame.png",
    "defeat": "defeat.png",
    "victory": "victory.png"
  },
  "loading_screen": {
	"loading_screen_frame": "loading_screen_frame.png",
	"anim_1": "anim_1.png",
	"anim_2": "anim_2.png",
	"anim_3": "anim_3.png",
	"anim_4": "anim_4.png",
	"anim_5": "anim_5.png"
  },
  "environment": {
    "galaxy_1": "galaxy_1.png",
    "galaxy_2": "galaxy_2.png",
    "galaxy_3": "galaxy_3.png",
    "star_1_1": "star_1_1.png",
    "star_1_2": "star_1_2.png",
    "star_1_3": "star_1_3.png",
    "star_1_4": "star_1_4.png",
    "star_2_1": "star_2_1.png",
    "star_2_2": "star_2_2.png",
    "star_2_3": "star_2_3.png",
    "star_2_4": "star_2_4.png",
    "star_3_1": "star_3_1.png",
    "star_3_2": "star_3_2.png",
    "star_3_3": "star_3_3.png",
    "star_3_4": "star_3_4.png",
    "star_4_1": "star_4_1.png",
    "star_4_2": "star_4_2.png",
    "star_4_3": "star_4_3.png",
    "star_4_4": "star_4_4.png",
    "star_5_1": "star_5_1.png",
    "star_5_2": "star_5_2.png",
    "star_6_1": "star_6_1.png",
    "star_6_2": "star_6_2.png",
	"planet_1": "planet_1.png",
	"planet_2": "planet_2.png",
	"planet_3": "planet_3.png",
	"planet_4": "planet_4.png"
  },
  "sector_selection": {
    "background": "background.png",
    "pointer": "pointer.png",
    "selected_1": "selected_1.png",
    "selected_2": "selected_2.png",
    "selected_3": "selected_3.png",
    "selected_4": "selected_4.png",
    "holy_chti": "holy_chti.png",
    "launch_up": "launch_up.png",
    "launch_down": "launch_down.png",
    "launch_locked": "launch_locked.png"
  },
  "player": {
    "90L": "90L.png",
    "chti_saucer": "chti_saucer.png"
  },
  "enemies": {
    "kami_1": "kami_1.png",
    "sling_1": "sling_1.png",
    "sling_2": "sling_2.png",
    "sling_3": "sling_3.png",
    "paste_1": "paste_1.png",
    "paste_2": "paste_2.png",
    "paste_3": "paste_3.png",
    "beholder_1": "beholder_1.png",
    "beholder_2": "beholder_2.png",
    "beholder_3": "beholder_3.png",
    "beholder_4": "beholder_4.png",
    "beholder_5": "beholder_5.png",
    "beholder_6": "beholder_6.png",
    "beholder_7": "beholder_7.png",
    "beholder_8": "beholder_8.png"
  },
  "bullet": {
    "player_bullet": "player_bullet.png",
	"enemy_bullet": "enemy_bullet.png"
  }
}
